Team,Logo
Air Force,https://1000logos.net/wp-content/uploads/2022/01/Air-Force-Falcons-logo-500x281.png
Akron,https://1000logos.net/wp-content/uploads/2025/02/Akron-Zips-Logo-500x281.png
Alabama,https://1000logos.net/wp-content/uploads/2018/03/Alabama-Crimson-Tide-Logo-500x281.png
App State,https://1000logos.net/wp-content/uploads/2019/09/Appalachian-State-Mountaineers-Logo.png
Arizona,https://1000logos.net/wp-content/uploads/2021/06/Arizona-Wildcats-logo-500x281.png
Arizona St,https://1000logos.net/wp-content/uploads/2021/06/Arizona-State-Sun-Devils-logo-500x281.png
Arkansas,https://1000logos.net/wp-content/uploads/2021/06/Arkansas-Razorbacks-logo-500x281.png
Arkansas St,https://1000logos.net/wp-content/uploads/2021/06/Arkansas-State-Red-Wolves-logo-500x281.png
Army,https://1000logos.net/wp-content/uploads/2021/06/Army-Black-Knights-logo-500x281.png
Auburn,https://1000logos.net/wp-content/uploads/2021/06/Auburn-Tigers-logo-500x281.png
Ball St,https://1000logos.net/wp-content/uploads/2021/06/Ball-State-Cardinals-logo-500x281.png
Baylor,https://1000logos.net/wp-content/uploads/2021/06/Baylor-Bears-logo-500x281.png
Boise St,https://1000logos.net/wp-content/uploads/2019/09/Boise-State-Broncos-Logo-500x281.png
Boston College,https://1000logos.net/wp-content/uploads/2019/09/Boston-College-Eagles-Logo-500x281.png
Bowling Green,https://1000logos.net/wp-content/uploads/2022/05/Bowling-Green-Falcons-Logo-500x281.png
Buffalo,https://1000logos.net/wp-content/uploads/2022/04/Buffalo-Bulls-Logo-500x281.png
BYU,https://1000logos.net/wp-content/uploads/2025/04/BYU-Cougars-Logo-500x281.png
C Michigan,https://1000logos.net/wp-content/uploads/2022/03/Central-Michigan-Chippewas-Logo-500x281.png
California,https://1000logos.net/wp-content/uploads/2024/03/California-Golden-Bears-Logo-500x281.png
Charlotte,https://1000logos.net/wp-content/uploads/2022/04/Charlotte-49ers-Logo-500x281.png
Cincinnati,https://1000logos.net/wp-content/uploads/2021/12/Cincinnati-Bearcats-Logo-500x281.png
Clemson,https://1000logos.net/wp-content/uploads/2022/11/Clemson-Tigers-Logo-500x281.png
Coastal Car,https://1000logos.net/wp-content/uploads/2022/03/Coastal-Carolina-Chanticleers-Logo-500x281.png
Colorado,https://1000logos.net/wp-content/uploads/2022/03/Colorado-Buffaloes-Logo-500x281.png
Colorado St,https://1000logos.net/wp-content/uploads/2022/04/Colorado-State-Rams-Logo-500x281.png
Duke,https://1000logos.net/wp-content/uploads/2021/06/Duke-Blue-Devils-logo-500x281.png
E Carolina,https://1000logos.net/wp-content/uploads/2021/06/East-Carolina-Pirates-logo-500x281.png
E Michigan,https://1000logos.net/wp-content/uploads/2021/06/Eastern-Michigan-Eagles-logo-500x281.png
Florida,https://1000logos.net/wp-content/uploads/2025/04/Florida-Gators-Logo-500x281.png
Florida Atlantic,https://1000logos.net/wp-content/uploads/2019/11/Florida-Atlantic-Owls-logo-500x281.png
Florida Intl,https://1000logos.net/wp-content/uploads/2021/06/FIU-Panthers-logo-500x281.png
Florida St,https://1000logos.net/wp-content/uploads/2025/07/Florida-State-Seminoles-Logo-500x281.png
Fresno St,https://1000logos.net/wp-content/uploads/2019/11/Fresno-State-Bulldogs-Logo-500x281.png
Georgia,https://1000logos.net/wp-content/uploads/2018/05/Georgia-Bulldogs-Logo-500x281.png
Georgia So,https://1000logos.net/wp-content/uploads/2019/11/Georgia-Southern-Eagles-Logo-500x281.png
Georgia St,https://1000logos.net/wp-content/uploads/2021/06/Georgia-State-Panthers-logo-500x281.png
Georgia Tech,https://1000logos.net/wp-content/uploads/2019/11/Georgia-Tech-Yellow-Jackets-Logo-500x281.png
Hawai'i,https://1000logos.net/wp-content/uploads/2021/06/Hawaii-Warriors-logo-500x281.png
Houston,https://1000logos.net/wp-content/uploads/2019/10/Houston-Cougars-Logo-500x281.png
Illinois,https://1000logos.net/wp-content/uploads/2019/11/Illinois-Fighting-Illini-Logo-500x281.png
Indiana,https://1000logos.net/wp-content/uploads/2021/06/Indiana-Hoosiers-logo-500x281.png
Iowa,https://1000logos.net/wp-content/uploads/2017/08/Iowa-Hawkeyes-Logo-500x281.png
Iowa St,https://1000logos.net/wp-content/uploads/2021/06/Iowa-State-Cyclones-logo-500x281.png
J Madison,https://1000logos.net/wp-content/uploads/2019/10/James-Madison-Dukes-Logo-500x281.png
Jacksonville St,https://1000logos.net/wp-content/uploads/2022/02/Jacksonville-State-Gamecocks-logo-500x281.png
Kansas,https://1000logos.net/wp-content/uploads/2021/06/Kansas-Jayhawks-logo-500x281.png
Kansas St,https://1000logos.net/wp-content/uploads/2022/02/Kansas-State-Wildcats-logo-500x281.png
Kent St,https://1000logos.net/wp-content/uploads/2022/02/Kent-State-Golden-Flashes-logo-500x281.png
Kentucky,https://1000logos.net/wp-content/uploads/2021/06/Kentucky-Wildcats-logo-500x281.png
Liberty,https://1000logos.net/wp-content/uploads/2021/06/Liberty-Flames-logo-500x281.png
Louisiana,https://1000logos.net/wp-content/uploads/2019/10/Louisiana-Ragin-Cajuns-Logo-500x281.png
Louisiana Tech,https://1000logos.net/wp-content/uploads/2021/06/Louisiana-Tech-Bulldogs-logo-500x281.png
Louisville,https://1000logos.net/wp-content/uploads/2024/02/Louisville-Cardinals-Logo-500x281.png
LSU,https://1000logos.net/wp-content/uploads/2021/06/LSU-logo-500x281.png
Marshall,https://1000logos.net/wp-content/uploads/2021/06/Marshall-Thundering-Herd-logo-500x281.png
Maryland,https://1000logos.net/wp-content/uploads/2021/06/Maryland-Terrapins-logo-500x281.png
Memphis,https://1000logos.net/wp-content/uploads/2022/02/Memphis-Tigers-logo-500x308.png
Miami,https://1000logos.net/wp-content/uploads/2018/12/Miami-Hurricanes-Logo-500x281.png
Miami OH,https://1000logos.net/wp-content/uploads/2019/09/Miami-Ohio-RedHawks-Logo-500x281.png
Michigan,https://1000logos.net/wp-content/uploads/2019/09/Michigan-Wolverines-Logo-500x281.png
Michigan St,https://1000logos.net/wp-content/uploads/2021/07/Michigan-State-Spartans-logo-500x281.png
Middle Tenn,https://1000logos.net/wp-content/uploads/2021/07/Middle-Tennessee-Blue-Raiders-logo-500x281.png
Minnesota,https://1000logos.net/wp-content/uploads/2019/09/Minnesota-Golden-Gophers-Logo-500x281.png
Mississippi,https://1000logos.net/wp-content/uploads/2021/07/Mississippi-Rebels-logo-500x281.png
Mississippi St,https://1000logos.net/wp-content/uploads/2019/12/Mississippi-State-Bulldogs-Logo-500x281.png
Missouri,https://1000logos.net/wp-content/uploads/2021/07/Missouri-Tigers-logo-500x281.png
N Illinois,https://1000logos.net/wp-content/uploads/2021/07/Northern-Illinois-Huskies-logo-500x281.png
N Texas,https://1000logos.net/wp-content/uploads/2021/07/North-Texas-Mean-Green-logo-500x281.png
Navy,https://1000logos.net/wp-content/uploads/2022/02/Navy-Midshipmen-logo-500x281.png
NC State,https://1000logos.net/wp-content/uploads/2019/11/North-Carolina-State-Wolfpack-Logo-500x281.png
Nebraska,https://1000logos.net/wp-content/uploads/2019/12/Nebraska-Cornhuskers-Logo-500x281.png
Nevada,https://1000logos.net/wp-content/uploads/2019/12/Nevada-Wolf-Pack-Logo-500x281.png
New Mexico,https://1000logos.net/wp-content/uploads/2019/12/New-Mexico-Lobos-Logo-500x281.png
New Mexico St,https://1000logos.net/wp-content/uploads/2019/12/New-Mexico-State-Aggies-Logo-500x281.png
North Carolina,https://1000logos.net/wp-content/uploads/2025/07/North-Carolina-Tar-Heels-Logo-500x281.png
Northwestern,https://1000logos.net/wp-content/uploads/2021/07/Northwestern-Wildcats-Logo-500x281.png
Notre Dame,https://1000logos.net/wp-content/uploads/2025/04/Notre-Dame-Leprechaun-Logo-500x281.png
Ohio,https://1000logos.net/wp-content/uploads/2019/12/Ohio-Bobcats-Logo-500x281.png
Ohio St,https://1000logos.net/wp-content/uploads/2024/09/Ohio-State-Buckeyes-Logo-500x281.png
Oklahoma,https://1000logos.net/wp-content/uploads/2021/07/Oklahoma-Sooners-logo-500x281.png
Oklahoma St,https://1000logos.net/wp-content/uploads/2021/07/Oklahoma-State-Cowboys-logo-500x281.png
Old Dominion,https://1000logos.net/wp-content/uploads/2021/07/Old-Dominion-Monarchs-logo-500x281.png
Oregon,https://1000logos.net/wp-content/uploads/2021/07/Oregon-Ducks-logo-500x281.png
Oregon St,https://1000logos.net/wp-content/uploads/2021/07/Oregon-State-Beavers-logo-500x281.png
Penn St,https://1000logos.net/wp-content/uploads/2021/07/Penn-State-Nittany-Lions-logo-500x281.png
Pittsburgh,https://1000logos.net/wp-content/uploads/2021/07/Pittsburgh-Panthers-logo-500x281.png
Purdue,https://1000logos.net/wp-content/uploads/2024/05/Purdue-Boilermakers-Logo-500x281.png
Rice,https://1000logos.net/wp-content/uploads/2021/07/Rice-Owls-logo-500x281.png
Rutgers,https://1000logos.net/wp-content/uploads/2019/11/Rutgers-Scarlet-Knights-Logo-500x281.png
S Alabama,https://1000logos.net/wp-content/uploads/2021/07/South-Alabama-Jaguars-logo-500x281.png
S Florida,https://1000logos.net/wp-content/uploads/2020/02/South-Florida-Bulls-Logo-500x281.png
Sam Houston,https://1000logos.net/wp-content/uploads/2022/02/Sam-Houston-State-Bearkats-logo-500x281.png
San Diego St,https://1000logos.net/wp-content/uploads/2021/07/San-Diego-State-Aztecs-logo-500x281.png
San Jose St,https://1000logos.net/wp-content/uploads/2021/07/San-Jose-State-Spartans-logo-500x281.png
SMU,https://1000logos.net/wp-content/uploads/2022/02/SMU-Mustangs-logo-500x313.png
South Carolina,https://1000logos.net/wp-content/uploads/2021/07/South-Carolina-Gamecocks-logo-500x281.png
Southern Miss,https://1000logos.net/wp-content/uploads/2021/07/Southern-Miss-Golden-Eagles-logo-500x281.png
Stanford,https://1000logos.net/wp-content/uploads/2021/07/Stanford-Cardinal-logo-500x281.png
Syracuse,https://1000logos.net/wp-content/uploads/2021/07/Syracuse-Orange-logo-500x281.png
TCU,https://1000logos.net/wp-content/uploads/2020/02/TCU-Horned-Frogs-logo-500x281.png
Temple,https://1000logos.net/wp-content/uploads/2022/02/Temple-Owls-logo-500x281.png
Tennessee,https://1000logos.net/wp-content/uploads/2021/07/Tennessee-Volunteers-logo-500x281.png
Texas,https://1000logos.net/wp-content/uploads/2019/12/Texas-Longhorns-Logo-1961-500x281.jpg
Texas A&M,https://1000logos.net/wp-content/uploads/2022/02/Texas-AM-Aggies-logo-500x281.png
Texas St,https://1000logos.net/wp-content/uploads/2021/07/Texas-State-Bobcats-logo-500x281.png
Texas Tech,https://1000logos.net/wp-content/uploads/2021/07/Texas-Tech-Red-Raiders-logo-500x281.png
Toledo,https://1000logos.net/wp-content/uploads/2021/07/Toledo-Rockets-logo-500x281.png
Troy,https://1000logos.net/wp-content/uploads/2022/02/Troy-Trojans-logo-500x281.png
Tulane,https://1000logos.net/wp-content/uploads/2021/07/Tulane-Green-Wave-logo-500x281.png
Tulsa,https://1000logos.net/wp-content/uploads/2022/02/Tulsa-Golden-Hurricane-logo-500x333.png
UAB,https://1000logos.net/wp-content/uploads/2020/01/UAB-Blazers-Logo-2015-500x281.png
UCF,https://1000logos.net/wp-content/uploads/2022/03/Central-Florida-Knights-Logo-500x281.png
UCLA,https://1000logos.net/wp-content/uploads/2017/11/UCLA-Logo-500x281.png
UConn,https://1000logos.net/wp-content/uploads/2017/08/uconn-huskies-logo-500x333.png
UL Monroe,https://1000logos.net/wp-content/uploads/2022/02/Louisiana-Monroe-Warhawks-logo-500x281.png
UMass,https://1000logos.net/wp-content/uploads/2022/02/Massachusetts-Minutemen-logo-500x281.png
UNLV,https://1000logos.net/wp-content/uploads/2021/07/UNLV-Rebels-logo-500x281.png
USC,https://1000logos.net/wp-content/uploads/2022/02/Southern-California-Trojans-logo-500x281.png
Utah,https://1000logos.net/wp-content/uploads/2021/07/Utah-Utes-logo-500x281.png
Utah St,https://1000logos.net/wp-content/uploads/2022/02/Utah-State-Aggies-logo-500x281.png
UTEP,https://1000logos.net/wp-content/uploads/2021/07/UTEP-Miners-logo-500x281.png
UTSA,https://1000logos.net/wp-content/uploads/2021/07/Texas-SA-Roadrunners-logo-500x281.png
Vanderbilt,https://1000logos.net/wp-content/uploads/2020/02/Vanderbilt-Commodores-Logo-500x281.png
Virginia,https://1000logos.net/wp-content/uploads/2022/03/Virginia-Cavaliers-Logo-500x281.png
Virginia Tech,https://1000logos.net/wp-content/uploads/2021/07/Virginia-Tech-Hokies-logo-500x281.png
W Kentucky,https://1000logos.net/wp-content/uploads/2022/03/Western-Kentucky-Hilltoppers-logo-500x281.png
W Michigan,https://1000logos.net/wp-content/uploads/2022/03/Western-Michigan-Broncos-logo-500x281.png
Wake Forest,https://1000logos.net/wp-content/uploads/2022/03/Wake-Forest-Demon-Deacons-Logo-500x281.png
Washington,https://1000logos.net/wp-content/uploads/2022/03/Washington-Huskies-logo-500x300.png
Washington St,https://1000logos.net/wp-content/uploads/2021/07/Washington-State-Cougars-logo-500x281.png
West Virginia,https://1000logos.net/wp-content/uploads/2024/12/West-Virginia-University-Emblem-WVU-Emblem-500x281.png
Wisconsin,https://1000logos.net/wp-content/uploads/2021/07/Wisconsin-Badgers-logo-500x281.png
Wyoming,https://1000logos.net/wp-content/uploads/2021/07/Wyoming-Cowboys-logo-500x281.png


